Company;Quarter;total revenue;cloud revenue;software license revenue;Gross profit;Gross margin;Operating profit;Operating margin;R&D;Cost of goods sold;Sales and Marketing;COGS % revenue;R&D % revenue;Sales and marketing % of revenue
SAP;Q1-18;5.261;1.070;625;3.605;68,5%;1.025;19,5%;814;1.656;1.515;31,5%;15,5%;28,8%
SAP;Q2-18;5.999;1.213;996;4.114;68,6%;1.044;17,4%;948;1.886;1.798;31,4%;15,8%;30,0%
SAP;Q3-18;6.020;1.304;937;4.112;68,3%;1.236;20,5%;918;1.908;1.673;31,7%;15,2%;27,8%
SAP;Q4-18;7.428;1.406;2.089;5.417;72,9%;2.401;32,3%;945;2.010;1.794;27,1%;12,7%;24,2%
SAP;Q1-19;6.091;1.555;650;4.051;66,5%;-136;-2,2%;1.061;2.041;1.838;33,5%;17,4%;30,2%
SAP;Q2-19;6.631;1.692;948;4.520;68,2%;827;12,5%;1.053;2.111;1.995;31,8%;15,9%;30,1%
SAP;Q3-19;6.791;1.789;932;4.773;70,3%;1.679;24,7%;975;2.017;1.774;29,7%;14,4%;26,1%
SAP;Q4-19;8.040;1.897;2.001;5.858;72,9%;2.125;26,4%;1.190;2.182;2.082;27,1%;14,8%;25,9%
SAP;Q1-20;6.521;2.011;451;4.455;68,3%;1.210;18,6%;1.051;2.066;1.851;31,7%;16,1%;28,4%
SAP;Q2-20;6.743;2.044;773;4.716;69,9%;1.284;19,0%;1.159;2.028;1.833;30,1%;17,2%;27,2%
SAP;Q3-20;6.535;1.984;714;4.646;71,1%;1.473;22,5%;1.113;1.890;1.678;28,9%;17,0%;25,7%
SAP;Q4-20;7.538;2.041;1.703;5.636;74,8%;2.655;35,2%;1.134;1.903;1.743;25,2%;15,0%;23,1%
SAP;Q1-21;6.348;2.145;483;4.464;70,3%;960;15,1%;1.171;1.884;1.663;29,7%;18,4%;26,2%
SAP;Q2-21;6.669;2.276;650;4.723;70,8%;984;14,8%;1.306;1.946;1.828;29,2%;19,6%;27,4%
SAP;Q3-21;6.845;2.386;657;4.887;71,4%;1.249;18,2%;1.300;1.958;1.845;28,6%;19,0%;27,0%
SAP;Q4-21;7.981;2.611;1.458;5.823;73,0%;1.466;18,4%;1.412;2.157;2.168;27,0%;17,7%;27,2%
SAP;Q1-22;7.077;2.820;317;4.979;70,4%;1.053;14,9%;1.425;2.099;1.987;29,7%;20,1%;28,1%
SAP;Q2-22;7.517;3.056;426;5.318;70,7%;673;9,0%;1.545;2.199;2.343;29,3%;20,6%;31,2%
SAP;Q3-22;7.841;3.288;406;5.575;71,1%;1.239;15,8%;1.574;2.266;2.257;28,9%;20,1%;28,8%
SAP;Q4-22;8.436;3.392;907;6.064;71,9%;1.707;20,2%;1.621;2.372;2.356;28,1%;19,2%;27,9%
SAP;Q1-23;7.441;3.178;276;5.284;71,0%;803;10,8%;1.573;2.156;2.291;29,0%;21,1%;30,8%
SAP;Q2-23;7.554;3.316;316;5.409;71,6%;1.358;18,0%;1.565;2.145;2.165;28,4%;20,7%;28,7%
SAP;Q3-23;7.744;3.472;335;5.637;72,8%;1.724;22,3%;1.515;2.108;2.105;27,2%;19,6%;27,2%
SAP;Q4-23;8.468;3.699;841;6.197;73,2%;1.900;22,4%;1.669;2.271;2.267;26,8%;19,7%;26,8%
SAP;Q1-24;8.041;3.928;202;5.762;71,7%;-787;-9,8%;1.665;2.279;2.278;28,3%;20,7%;28,3%
SAP;Q2-24;8.288;4.153;230;6.017;72,6%;1.222;14,7%;1.605;2.272;2.217;27,4%;19,4%;26,7%
SAP;Q3-24;8.470;4.351;285;6.212;73,3%;2.214;26,1%;1.568;2.258;2.098;26,7%;18,5%;24,8%
SAP;Q4-24;9.377;4.708;683;6.943;74,0%;2.016;21,5%;1.675;2.435;2.496;26,0%;17,9%;26,6%
SAP;Q1-25;9.013;4.993;184;6.607;73,3%;2.333;25,9%;1.673;2.406;2.235;26,7%;18,6%;24,8%
SAP;Q2-25;9.027;5.130;194;6.620;73,3%;2.456;27,2%;1.618;2.407;2.156;26,7%;17,9%;23,9%
SAP;Q3-25;9.076;5.290;161;6.671;73,5%;2.487;27,4%;1.644;2.405;2.185;26,5%;18,1%;24,1%
SAP;Q4-25;9.684;5.610;451;7.044;72,7%;2.554;26,4%;1.698;2.640;2.303;27,3%;17,5%;23,8%
SAP;Q1-26;9.555;5.962;116;6.973;73,0%;2.741;28,7%;1.701;2.582;2.140;27,0%;17,8%;22,4%
