Company;Quarter;Total revenue;TMV Standalone;1E Standalone;Enterprise revenue;SMB revenue;ARR;Enterprise ARR;SMB ARR;NRR (%);Enterprise NRR;SMB NRR;Gross Margin;Adjusted EBITDA;Adjusted EBITDA margin;R&D;Cost of goods sold;Sales & Marketing;COGS % revenue;R&D % revenue;Sales and marketing % of revenue
TeamViewer;Q1-19;86,7;;;;;;;;;;;74,9;37,7;55,0%;7,6;11,9;14,6;13,7%;8,8%;16,8%
TeamViewer;Q2-19;94,5;;;;;;;;;;;82,6;35,7;56,0%;8,8;11,9;17,1;12,6%;9,3%;18,1%
TeamViewer;Q3-19;102,0;;;;;;;;103,0;;;89,4;46,0;56,0%;10,3;12,6;20,2;12,4%;10,1%;19,8%
TeamViewer;Q4-19;106,9;;;;;;;;102,0;;;93,1;62,6;55,4%;11,1;13,8;30,3;12,9%;10,4%;28,4%
TeamViewer;Q1-20;102,7;;;;;;;;106,0;;;88,6;73,9;62,2%;9,5;14,1;24,4;13,7%;9,3%;23,8%
TeamViewer;Q2-20;114,7;;;;;;;;105,0;;;98,5;57,2;61,7%;9,6;16,2;26,7;14,1%;8,4%;23,3%
TeamViewer;Q3-20;117,2;;;;;;;;104,0;;;100,9;58,2;54,0%;12,1;16,4;28,5;14,0%;10,3%;24,3%
TeamViewer;Q4-20;121,0;;;;;;;;103,0;;;103,5;72,1;54,7%;15,4;17,5;36,3;14,4%;12,8%;30,0%
TeamViewer;Q1-21;118,3;;;;;;;;100,0;;;100,0;90,0;61,4%;13,8;18,3;37,5;15,5%;11,7%;31,7%
TeamViewer;Q2-21;122,9;;;;;;;;95,0;;;104,2;57,0;46,9%;16,2;18,7;44,6;15,2%;13,2%;36,3%
TeamViewer;Q3-21;127,7;;;;;;;;96,0;;;111,0;42,3;33,6%;14,9;16,7;60,9;13,1%;11,6%;47,7%
TeamViewer;Q4-21;132,3;;;;;;;;105,0;;;115,0;67,7;44,0%;17,3;17,3;42,3;13,1%;13,1%;32,0%
TeamViewer;Q1-22;134,5;;;23,9;110,6;;;;101,0;;;116,3;83,2;50,9%;16,8;18,2;54,6;13,5%;12,5%;40,6%
TeamViewer;Q2-22;137,5;;;21,8;115,6;;;;101,0;;;120,0;58,1;42,7%;18,3;17,5;56,8;12,7%;13,3%;41,3%
TeamViewer;Q3-22;143,4;;;24,9;118,5;;;;103,0;;;118,7;60,1;41,6%;15,2;24,7;36,0;17,3%;10,6%;25,1%
TeamViewer;Q4-22;150,5;;;28,0;122,5;602,5;;;107,0;;;129,6;57,3;38,0%;19,3;20,9;60,4;13,9%;12,8%;40,1%
TeamViewer;Q1-23;151,3;;;28,9;122,4;613,6;;;107,0;;;131,8;64,1;42,4%;18,9;19,5;60,8;12,9%;12,5%;40,2%
TeamViewer;Q2-23;154,2;;;29,4;124,8;626,2;;;109,0;;;134,8;63,8;41,4%;19,9;19,4;62,1;12,6%;12,9%;40,3%
TeamViewer;Q3-23;158,1;;;30,5;127,6;631,8;117,2;514,5;107,0;;;137,3;70,3;44,5%;19,6;20,8;56,7;13,1%;12,4%;35,9%
TeamViewer;Q4-23;163,1;;;33,3;129,9;649,5;124,3;519,8;104,0;99,0;;140,9;62,4;38,3%;21,8;22,2;65,5;13,6%;13,4%;40,2%
TeamViewer;Q1-24;161,7;;;33,7;128,0;656,9;185,6;525,0;103,0;98,0;;139,6;65,2;40,3%;19,7;22,1;63,8;13,7%;12,2%;39,4%
TeamViewer;Q2-24;164,1;;;35,1;129,0;667,0;134,7;528,6;102,0;;;140,7;67,5;41,1%;19,0;23,4;62,2;14,3%;11,6%;37,9%
TeamViewer;Q3-24;168,7;;;37,1;131,6;669,3;208,0;529,6;99,0;99,0;;151,3;81,0;48,0%;21,3;17,4;51,8;10,3%;12,6%;30,7%
TeamViewer;Q4-24;177,0;;;45,5;131,5;684,1;150,3;533,7;100,0;100,0;;159,1;83,0;46,9%;20,0;17,9;55,6;10,1%;11,3%;31,4%
TeamViewer;Q1-25;178,8;172,5;6,3;48,4;130,4;759,5;224,4;535,2;99,0;103,0;;154,3;76,2;42,9%;23,2;24,5;60,2;8,5%;11,6%;29,8%
TeamViewer;Q2-25;185,6;;;53,6;132,0;759,1;227,1;532,0;98,0;98,0;;160,9;78,9;44,0%;24,7;24,7;66,2;8,1%;11,3%;32,1%
TeamViewer;Q3-25;189,5;176,6;12,9;55,4;134,1;756,8;230,5;526,3;97,0;97,0;;164,4;85,2;45,0%;23,5;25,1;56,7;7,9%;11,4%;28,3%
TeamViewer;Q4-25;192,9;179,2;13,7;62,0;130,9;759,7;241,0;518,7;95,0;96,0;;166,0;85,2;44,7%;24,9;26,9;55,5;9,0%;12,0%;27,8%
TeamViewer;Q1-26;183,2;;;57;126,2;737,3;230,5;506,7;93,0;93,0;;158,8;83;45%;25,5;24,4;53,7;9,0%;12,0%;27,8%
