Quarter;Event / Signal;Category;PCS;AMS;MAS;AES;AACI Score;Post-AI Event;Evidence / Notes
Q3-19;No Agentic-AI commercialisation signal in this early baseline period;Baseline / Pre-AI;0;0;0;0;0;0;Use as pre-event baseline for later Q4 2024 Session Insights event
Q4-19;No Agentic-AI commercialisation signal in this early baseline period;Baseline / Pre-AI;0;0;0;0;0;0;Use as pre-event baseline for later Q4 2024 Session Insights event
Q1-20;No Agentic-AI commercialisation signal in this early baseline period;Baseline / Pre-AI;0;0;0;0;0;0;Use as pre-event baseline for later Q4 2024 Session Insights event
Q2-20;No Agentic-AI commercialisation signal in this early baseline period;Baseline / Pre-AI;0;0;0;0;0;0;Use as pre-event baseline for later Q4 2024 Session Insights event
Q3-20;No Agentic-AI commercialisation signal in this early baseline period;Baseline / Pre-AI;0;0;0;0;0;0;Use as pre-event baseline for later Q4 2024 Session Insights event
Q4-20;No Agentic-AI commercialisation signal in this early baseline period;Baseline / Pre-AI;0;0;0;0;0;0;Use as pre-event baseline for later Q4 2024 Session Insights event
Q1-21;No material Agentic AI commercialisation signal identified in TeamViewer disclosures for this period;Pre-event / baseline;0;0;0;0;0;0;TeamViewer AI event variable expected to start later around Session Insights/TeamViewer AI commercialisation, not in 2021-2022.
Q2-21;No material Agentic AI commercialisation signal identified in TeamViewer disclosures for this period;Pre-event / baseline;0;0;0;0;0;0;TeamViewer AI event variable expected to start later around Session Insights/TeamViewer AI commercialisation, not in 2021-2022.
Q3-21;No material Agentic AI commercialisation signal identified in TeamViewer disclosures for this period;Pre-event / baseline;0;0;0;0;0;0;TeamViewer AI event variable expected to start later around Session Insights/TeamViewer AI commercialisation, not in 2021-2022.
Q4-21;No material Agentic AI commercialisation signal identified in TeamViewer disclosures for this period;Pre-event / baseline;0;0;0;0;0;0;TeamViewer AI event variable expected to start later around Session Insights/TeamViewer AI commercialisation, not in 2021-2022.
Q1-22;No material Agentic AI commercialisation signal identified in TeamViewer disclosures for this period;Pre-event / baseline;0;0;0;0;0;0;TeamViewer AI event variable expected to start later around Session Insights/TeamViewer AI commercialisation, not in 2021-2022.
Q2-22;No material Agentic AI commercialisation signal identified in TeamViewer disclosures for this period;Pre-event / baseline;0;0;0;0;0;0;TeamViewer AI event variable expected to start later around Session Insights/TeamViewer AI commercialisation, not in 2021-2022.
Q3-22;No material Agentic AI commercialisation signal identified in TeamViewer disclosures for this period;Pre-event / baseline;0;0;0;0;0;0;TeamViewer AI event variable expected to start later around Session Insights/TeamViewer AI commercialisation, not in 2021-2022.
Q4-22;No material Agentic AI commercialisation signal identified in TeamViewer disclosures for this period;Pre-event / baseline;0;0;0;0;0;0;TeamViewer AI event variable expected to start later around Session Insights/TeamViewer AI commercialisation, not in 2021-2022.
Q1-23;No material AI commercialisation signal in quarterly report;Baseline;0;0;0;0;0;0;Q1 2023 report
Q2-23;No material AI commercialisation signal in half-year report;Baseline;0;0;0;0;0;0;H1 2023 report
Q3-23;"Product partnership and Tensor/SAP ecosystem signals; not AI-specific";Non-AI product signal;0;0;0;0;0;0;Q3 2023 report
Q4-23;"Portfolio enhancements and smart factory partnerships; no mature AI commercialisation";Non-AI product signal;0;0;0;0;0;0;Q4 2023 report
Q1-24;"Product/partner momentum; no AI commercialisation signal";Pre-event;0;0;0;0;0;0;Q1 2024 report
Q2-24;No material AI commercialisation signal in H1 report;Pre-event;0;0;0;0;0;0;H1 2024 report
Q3-24;"Session Insights launch disclosed after quarter close; early AI product signal";Early AI signal;1;0;0;0;1;0;Q3 2024 report published after October launch
Q4-24;"Session Insights launched; Microsoft Teams/Copilot integration announced; 1E acquisition announced for DEX/AI development";AI commercialisation event;2;0;1;1;4;1;Q4 2024 report
Q1-25;"1E acquisition closed; first TeamViewer + 1E integrations launched; DEX add-on announced for SMB";Product / Platform / M&A;2;1;2;2;7;1;"1E acquisition closed 31 Jan 2025; first integrations launched mid-March; DEX add-on introduced early May."
Q2-25;"TeamViewer ONE / DEX platform scaling; H1 ARR definition/customer transition";Product / Platform;3;1;2;3;9;1;H1 2025 report reflects new ARR/customer logic and DEX integration into portfolio.
Q3-25;"Agentic AI, Autonomous Endpoint Management, DEX Essentials, TeamViewer ONE emphasized; AI adoption disclosed";Agentic AI / Adoption;3;2;3;3;11;1;Q3 report describes AEM, agentic AI, DEX Essentials, TeamViewer ONE and around 9,000 customers opting into AI features.
Q4-25;"TeamViewer ONE platform and AI-based autonomous IT operations; dynamic AI adoption; full-year pro forma results";Agentic AI / Platform;3;3;3;3;12;1;Q4 release highlights shift to AI-based autonomous IT operations and early traction of TeamViewer ONE.
